AX05,20040102,20040212
AX09,20040213,20040707
AX11,20040708,20040903
AY01,20040906,20041115
AY05,20041116,20050304
AY09,20050307,20050705
AY11,20050706,20050722
AX01,20050725,20051024
AX05,20051025,20060213
AX09,20060214,20060814
AY01,20060815,20061030
AY05,20061031,20070129
AY09,20070130,20070528
AX01,20070529,20070806
AX05,20070807,20071114
AX09,20071115,20080225
AY01,20080226,20081014
AY05,20081015,20090112
AY09,20090113,20090413
AX01,20090414,20090706
AX05,20090707,20091023
AX09,20091026,20100421
AY01,20100422,20100720
AY05,20100721,20101022
AY09,20101025,20101231
AX01,20110104,20110713
AX05,20110714,20111026
AX09,20111027,20120320
AY01,20120321,20120831
AY05,20120903,20130131
AY09,20130201,20130606
AX01,20130607,20131015
AX05,20131016,20131230
AX09,20131231,20140106
AX05,20140107,20140210
AX09,20140211,20140325
AY01,20140326,20140418
AX09,20140421,20140519
AY01,20140520,20141124
AY05,20141125,20150408
AY09,20150409,20150615
AX01,20150616,20151104
AX05,20151105,20160308
AX09,20160309,20160429
B05,20041222,20050324
B07,20050325,20050407
B05,20050408,20050518
B07,20050519,20050524
B09,20050525,20050921
B01,20050922,20050926
B11,20050927,20050930
B03,20051010,20051010
B01,20051011,20051012
B05,20051013,20051102
B09,20051103,20060911
B11,20060912,20060912
B01,20060913,20060926
B09,20060927,20060927
B03,20060928,20060928
B05,20060929,20061013
B11,20061016,20061016
B09,20061017,20061017
B05,20061018,20070215
B03,20070216,20070216
B09,20070226,20070528
B01,20070529,20070612
B11,20070613,20070613
B05,20070614,20070614
B01,20070615,20070625
B09,20070626,20070709
B05,20070710,20070814
B01,20070815,20070815
B03,20070816,20070816
B05,20070817,20071029
B07,20071030,20071227
B09,20071228,20080709
B01,20080710,20081114
B05,20081117,20090203
B09,20090204,20090311
B05,20090312,20090313
B01,20090316,20090316
B09,20090317,20090513
B03,20090514,20090520
B01,20090521,20090630
B09,20090701,20090813
B05,20090814,20090915
B07,20090916,20090916
B03,20090917,20090917
B05,20090918,20091118
B07,20091119,20091119
B09,20091120,20100524
B01,20100525,20101112
B09,20101115,20110516
B01,20110517,20110616
B05,20110617,20110621
B09,20110622,20110622
B01,20110623,20110713
B05,20110714,20110927
B09,20110928,20120504
B01,20120507,20120507
B03,20120508,20120510
B09,20120511,20120907
B01,20120910,20121026
B05,20121029,20121127
B01,20121128,20121206
B05,20121207,20130318
B09,20130319,20130321
B01,20130322,20130322
B05,20130325,20130328
B09,20130329,20130910
B01,20130911,20131025
B03,20131028,20131029
B07,20131030,20131030
B05,20131031,20131031
B01,20131101,20131101
B03,20131104,20131112
B07,20131113,20131203
B01,20131204,20131206
B05,20131209,20131209
B07,20131210,20131210
B01,20131211,20131216
B05,20131217,20131217
B09,20131218,20131218
B01,20131219,20131219
B11,20131220,20131220
B07,20131223,20140210
B09,20140211,20140423
B03,20140424,20140424
B01,20140425,20140425
B09,20140428,20140915
B05,20140916,20150408
B09,20150409,20150908
B01,20150909,20150909
B05,20150910,20150910
B11,20150911,20150911
B01,20150914,20150914
B09,20150915,20150915
B11,20150916,20150916
B01,20150917,20151009
B05,20151012,20151014
B11,20151015,20151020
B09,20151021,20151021
B01,20151022,20151028
B05,20151029,20151029
B11,20151030,20151030
B01,20151102,20151125
B05,20151126,20151210
B01,20151211,20151214
B11,20151215,20151230
B05,20151231,20160223
B01,20160224,20160224
B07,20160225,20160225
B05,20160226,20160226
B01,20160229,20160229
B07,20160301,20160301
B09,20160302,20160303
B01,20160304,20160309
B07,20160310,20160317
B11,20160318,20160318
B01,20160321,20160425
B07,20160426,20160429
BB05,20131206,20140417
BB09,20140418,20140828
BB01,20140829,20141230
BB02,20141231,20150128
BB05,20150129,20150430
BB09,20150504,20150916
BB11,20150917,20151116
BB01,20151117,20160419
BB09,20160420,20160426
BB11,20160427,20160429
C05,20040922,20050317
C07,20050318,20050509
C09,20050510,20050720
C11,20050721,20050811
C01,20050812,20050926
C05,20050927,20051115
C09,20051116,20060417
C01,20060418,20060518
C03,20060519,20060726
C05,20060727,20070116
C09,20070117,20070625
C01,20070626,20070813
C05,20070814,20080114
C09,20080115,20080411
C01,20080414,20080821
C05,20080822,20090213
C09,20090216,20090605
C01,20090608,20090811
C05,20090812,20091228
C09,20091229,20100622
C01,20100623,20100826
C05,20100827,20101115
C09,20101116,20110517
C01,20110518,20110808
C05,20110809,20111208
C09,20111209,20120709
C01,20120710,20121018
C05,20121019,20130204
C09,20130205,20130705
C01,20130708,20131010
C05,20131011,20140326
C09,20140327,20140714
C01,20140715,20141013
C05,20141014,20150126
C09,20150127,20150724
C01,20150727,20150907
C05,20150908,20160219
C09,20160222,20160325
C01,20160328,20160429
CS05,20141219,20150402
CS09,20150403,20150724
CS01,20150727,20151028
CS05,20151029,20160318
CS09,20160321,20160429
FB05,20131206,20140416
FB09,20140417,20140827
FB01,20140828,20141230
FB05,20141231,20150511
FB07,20150512,20150714
FB09,20150715,20150826
FB01,20150827,20160106
FB05,20160107,20160107
FB03,20160108,20160128
FB01,20160129,20160204
FB03,20160205,20160309
FB05,20160310,20160324
FB04,20160325,20160330
FB01,20160331,20160401
FB04,20160405,20160429
I05,20131018,20140226
I09,20140227,20140722
I01,20140723,20141022
I05,20141023,20150306
I09,20150309,20150720
I01,20150721,20151120
I05,20151123,20160318
I09,20160321,20160429
J09,20110415,20110819
J01,20110822,20111208
J05,20111209,20120413
J09,20120416,20120717
J01,20120718,20121024
J05,20121025,20130206
J09,20130207,20130620
J01,20130621,20131029
J05,20131030,20140310
J09,20140311,20140721
J01,20140722,20141124
J05,20141125,20150327
J09,20150330,20150810
J01,20150811,20151124
J05,20151125,20160324
J09,20160325,20160429
JD09,20131108,20131108
JD05,20131111,20140317
JD09,20140318,20140725
JD01,20140728,20141128
JD05,20141201,20150331
JD09,20150401,20150803
JD01,20150804,20151125
JD05,20151126,20160323
JD09,20160324,20160429
JM09,20130322,20130628
JM01,20130701,20131108
JM05,20131111,20140312
JM09,20140313,20140722
JM01,20140723,20141117
JM05,20141118,20150330
JM09,20150331,20150807
JM01,20150810,20151123
JM05,20151124,20160330
JM09,20160331,20160429
L11,20070731,20070918
L01,20070919,20071207
L05,20071210,20080421
L09,20080422,20080808
L01,20080811,20081209
L03,20081210,20090106
L05,20090107,20090327
L07,20090330,20090513
L09,20090514,20090721
L11,20090722,20090930
L01,20091009,20091202
L05,20091203,20100326
L09,20100329,20100730
L01,20100802,20101109
L05,20101110,20110325
L09,20110328,20110718
L01,20110719,20111109
L05,20111110,20120315
L09,20120316,20120716
L01,20120717,20121031
L05,20121101,20130206
L09,20130207,20130703
L01,20130704,20131113
L05,20131114,20140306
L09,20140307,20140722
L01,20140723,20141128
L05,20141201,20150317
L09,20150318,20150803
L01,20150804,20151125
L05,20151126,20160324
L09,20160325,20160429
M05,20040102,20040301
M08,20040302,20040511
M09,20040512,20040826
M11,20040827,20040907
M01,20040908,20041202
M05,20041203,20050316
M08,20050317,20050617
M09,20050620,20050802
M11,20050803,20050905
M01,20050906,20051024
M05,20051025,20060217
M09,20060220,20060511
M11,20060512,20060728
M01,20060731,20061019
M05,20061020,20070129
M09,20070130,20070703
M01,20070704,20070823
M05,20070824,20071212
M09,20071213,20080625
M01,20080626,20081030
M05,20081031,20090224
M09,20090225,20090610
M01,20090611,20090730
M05,20090731,20091119
M09,20091120,20100430
M01,20100504,20100719
M05,20100720,20101021
M09,20101022,20110307
M01,20110308,20110705
M05,20110706,20111220
M09,20111221,20120521
M01,20120522,20121113
M05,20121114,20130208
M09,20130218,20130606
M01,20130607,20131031
M05,20131101,20140224
M09,20140225,20140630
M01,20140701,20140826
M05,20140827,20150226
M09,20150227,20150722
M01,20150723,20151120
M05,20151123,20160302
M09,20160303,20160429
P05,20071029,20080417
P09,20080418,20080806
P01,20080807,20081126
P05,20081127,20090303
P09,20090304,20090608
P01,20090609,20090807
P05,20090810,20091126
P09,20091127,20100427
P01,20100428,20100913
P05,20100914,20101104
P09,20101105,20110411
P01,20110412,20110718
P05,20110719,20120113
P09,20120116,20120605
P01,20120606,20121019
P05,20121022,20130204
P09,20130205,20130613
P01,20130614,20131029
P05,20131030,20140225
P09,20140226,20140613
P01,20140616,20141105
P05,20141106,20150304
P09,20150305,20150603
P01,20150604,20151126
P05,20151127,20160314
P09,20160315,20160429
PP09,20140228,20140729
PP01,20140730,20141124
PP05,20141125,20150317
PP09,20150318,20150803
PP01,20150804,20151124
PP05,20151125,20160325
PP09,20160328,20160429
V02,20090525,20090525
V09,20090526,20090727
V11,20090728,20091012
V01,20091013,20091201
V03,20091202,20100115
V05,20100118,20100330
V09,20100331,20100803
V01,20100804,20101110
V05,20101111,20110415
V09,20110418,20110722
V01,20110725,20111110
V05,20111111,20120327
V09,20120328,20120712
V01,20120713,20121109
V05,20121112,20130320
V09,20130321,20130717
V01,20130718,20131204
V05,20131205,20140327
V09,20140328,20140804
V01,20140805,20141103
V05,20141104,20150326
V09,20150327,20150811
V01,20150812,20151016
V05,20151019,20160324
V09,20160325,20160429
Y11,20060109,20060109
Y09,20060110,20060714
Y11,20060717,20060905
Y01,20060906,20061030
Y05,20061031,20070319
Y09,20070320,20070730
Y01,20070731,20070913
Y05,20070914,20080227
Y09,20080228,20080703
Y01,20080704,20081118
Y05,20081119,20090223
Y09,20090224,20090602
Y01,20090603,20090731
Y05,20090803,20091110
Y09,20091111,20100423
Y01,20100426,20100806
Y05,20100809,20101026
Y09,20101027,20110408
Y01,20110411,20110711
Y05,20110712,20111212
Y09,20111213,20120528
Y01,20120529,20121015
Y05,20121016,20130121
Y09,20130122,20130621
Y01,20130624,20131016
Y05,20131017,20140224
Y09,20140225,20140603
Y01,20140604,20141031
Y05,20141103,20150303
Y09,20150304,20150615
Y01,20150616,20151116
Y05,20151117,20160307
Y09,20160308,20160429
AU06,20080110,20080421
AU12,20080422,20081027
AU06,20081028,20090416
AU12,20090417,20091012
AU06,20091013,20100413
AU12,20100414,20101022
AU06,20101025,20110415
AU12,20110418,20111025
AU06,20111026,20120411
AU12,20120412,20121031
AU06,20121101,20130422
AU12,20130423,20131104
AU06,20131105,20140505
AU12,20140506,20140731
AU30,20140801,20160429
BUX02,20131009,20140213
BUX06,20140214,20140519
BUX09,20140520,20140915
BUX12,20140916,20141210
BUY06,20141211,20141218
BUX03,20141219,20141219
BUY01,20141222,20141222
BUY09,20141223,20141223
BUY06,20141224,20150601
BUY09,20150602,20150824
BUY12,20150825,20151125
BUX01,20151126,20151221
BUX06,20151222,20160408
BUX09,20160411,20160429
FU01,20040825,20041122
FU03,20041123,20050225
FU05,20050228,20050315
FU06,20050316,20050413
FU07,20050414,20050523
FU08,20050524,20050615
FU09,20050616,20050708
FU10,20050711,20050803
FU11,20050804,20050907
FU12,20050908,20051018
FU02,20051019,20051130
FU03,20051201,20060105
FU04,20060106,20060208
FU05,20060209,20060306
FU06,20060307,20060404
FU07,20060405,20060509
FU08,20060510,20060607
FU09,20060608,20060717
FU10,20060718,20060816
FU11,20060817,20060914
FU12,20060915,20061023
FU01,20061024,20061117
FU03,20061120,20070117
FU04,20070118,20070126
FU05,20070129,20070314
FU06,20070315,20070402
FU07,20070403,20070510
FU08,20070511,20070607
FU09,20070608,20070709
FU10,20070710,20070809
FU11,20070810,20070905
FU12,20070906,20071009
FU01,20071010,20071109
FU03,20071112,20080104
FU05,20080107,20080317
FU06,20080318,20080422
FU07,20080423,20080521
FU08,20080522,20080616
FU09,20080617,20080714
FU10,20080715,20080815
FU11,20080818,20080917
FU12,20080918,20081024
FU02,20081027,20081211
FU03,20081212,20090114
FU05,20090115,20090306
FU06,20090309,20090408
FU07,20090409,20090508
FU08,20090511,20090605
FU09,20090608,20090708
FU10,20090709,20090803
FU11,20090804,20090908
FU12,20090909,20091014
FU01,20091015,20091116
FU03,20091117,20091229
FU05,20091230,20100317
FU06,20100318,20100426
FU05,20100427,20100430
FU07,20100504,20100518
FU09,20100519,20100729
FU10,20100730,20100819
FU11,20100820,20100917
FU12,20100920,20101011
FU01,20101012,20101108
FU03,20101109,20110110
FU05,20110111,20110401
FU09,20110406,20110809
FU12,20110810,20111129
FU03,20111130,20120131
FU05,20120201,20120426
FU09,20120427,20120806
FU01,20120807,20121210
FU05,20121211,20130408
FU06,20130409,20130410
FU10,20130411,20130411
FU09,20130412,20130522
FU10,20130523,20130523
FU06,20130524,20130529
FU05,20130530,20130621
FU02,20130624,20130624
FU09,20130625,20130625
FU05,20130626,20130628
FU11,20130701,20130710
FU06,20130711,20130712
FU07,20130715,20130717
FU11,20130718,20130801
FU03,20130802,20130805
FU08,20130806,20130807
FU04,20130808,20130809
FU05,20130812,20130812
FU11,20130813,20130813
FU09,20130814,20130823
FU10,20130826,20130925
FU12,20130926,20131010
FU04,20131011,20131017
FU08,20131018,20131028
FU12,20131029,20131029
FU09,20131030,20131030
FU08,20131031,20131101
FU04,20131104,20131105
FU02,20131106,20131114
FU08,20131115,20131122
FU04,20131125,20131125
FU07,20131126,20131202
FU08,20131203,20131217
FU04,20131218,20131218
FU06,20131219,20131219
FU08,20131220,20131230
FU10,20131231,20140102
FU11,20140103,20140106
FU04,20140107,20140107
FU08,20140108,20140109
FU05,20140110,20140113
FU11,20140114,20140117
FU04,20140120,20140120
FU07,20140121,20140127
FU02,20140128,20140130
FU04,20140207,20140207
FU11,20140210,20140212
FU05,20140213,20140228
FU04,20140303,20140303
FU09,20140304,20140311
FU05,20140312,20140312
FU04,20140313,20140313
FU08,20140314,20140314
FU11,20140317,20140401
FU09,20140402,20140409
FU01,20140410,20140410
FU05,20140411,20140415
FU10,20140416,20140416
FU09,20140417,20140423
FU01,20140424,20140424
FU05,20140425,20140429
FU09,20140430,20140827
FU05,20140828,20141027
FU04,20141028,20141028
FU03,20141029,20141029
FU01,20141030,20141030
FU09,20141031,20141104
FU05,20141105,20141125
FU01,20141126,20141202
FU05,20141203,20141203
FU03,20141204,20141204
FU01,20141205,20141209
FU10,20141210,20141210
FU11,20141211,20141211
FU01,20141212,20141215
FU03,20141216,20141224
FU04,20141225,20141226
FU05,20141229,20141229
FU03,20141230,20150105
FU06,20150106,20150107
FU01,20150108,20150109
FU05,20150112,20150113
FU04,20150114,20150116
FU03,20150119,20150127
FU09,20150128,20150128
FU06,20150129,20150129
FU05,20150130,20150130
FU03,20150202,20150211
FU06,20150212,20150528
FU09,20150529,20150914
FU10,20150915,20150916
FU01,20150917,20150917
FU09,20150918,20150918
FU10,20150921,20150929
FU12,20150930,20150930
FU01,20151008,20151009
FU05,20151012,20151027
FU12,20151028,20151113
FU01,20151116,20151120
FU04,20151123,20160219
FU03,20160222,20160222
FU06,20160223,20160224
FU05,20160225,20160426
FU02,20160427,20160429
HC10,20140321,20140829
HC01,20140901,20141212
HC05,20141215,20150407
HC10,20150408,20150727
HC01,20150728,20151130
HC05,20151201,20160412
HC10,20160413,20160429
RB09,20090327,20090713
RB10,20090714,20090804
RB11,20090805,20090831
RB12,20090901,20091009
RB01,20091012,20091106
RB02,20091109,20091127
RB05,20091130,20100308
RB10,20100309,20100715
RB01,20100716,20101013
RB05,20101014,20110201
RB10,20110209,20110804
RB01,20110805,20111102
RB05,20111103,20120301
RB10,20120302,20120710
RB01,20120711,20121022
RB05,20121023,20130208
RB10,20130218,20130702
RB01,20130703,20131030
RB05,20131031,20140303
RB10,20140304,20140703
RB01,20140704,20141017
RB05,20141020,20150306
RB10,20150309,20150717
RB01,20150720,20151103
RB05,20151104,20160310
RB10,20160311,20160429
RU06,20040102,20040102
RU07,20040105,20040702
RU08,20040705,20040730
RU11,20040802,20041028
RU03,20041029,20050217
RU05,20050218,20050315
RU06,20050316,20050408
RU07,20050411,20050523
RU08,20050524,20050617
RU09,20050620,20050715
RU10,20050718,20050815
RU11,20050816,20050919
RU01,20050920,20051018
RU03,20051019,20051229
RU04,20051230,20060210
RU05,20060213,20060310
RU06,20060313,20060329
RU07,20060330,20060509
RU08,20060510,20060608
RU09,20060609,20060721
RU10,20060724,20060829
RU11,20060830,20061010
RU01,20061012,20061121
RU03,20061122,20070111
RU05,20070112,20070319
RU07,20070320,20070523
RU09,20070524,20070717
RU11,20070718,20070903
RU01,20070904,20071116
RU03,20071119,20080109
RU05,20080110,20080229
RU07,20080303,20080418
RU09,20080421,20080730
RU11,20080731,20080917
RU01,20080918,20081110
RU03,20081111,20081218
RU05,20081219,20090226
RU07,20090227,20090403
RU09,20090407,20090617
RU11,20090618,20090723
RU01,20090724,20091111
RU03,20091112,20091229
RU05,20091230,20100301
RU09,20100302,20100621
RU11,20100622,20100729
RU01,20100730,20100910
RU03,20100913,20101025
RU05,20101026,20110316
RU09,20110317,20110704
RU01,20110705,20111115
RU05,20111116,20120405
RU09,20120406,20120720
RU01,20120723,20121101
RU05,20121102,20130218
RU09,20130219,20130627
RU01,20130628,20131101
RU05,20131104,20140227
RU09,20140228,20140722
RU01,20140723,20141120
RU05,20141121,20150217
RU09,20150225,20150715
RU01,20150716,20151123
RU05,20151124,20160316
RU09,20160317,20160429
WR09,20090327,20090729
WR10,20090730,20090813
WR11,20090814,20091009
WR12,20091012,20091019
WR01,20091020,20091110
WR02,20091111,20091221
WR05,20091222,20100517
WR10,20100518,20101008
WR08,20101011,20101011
WR11,20101012,20101012
WR01,20101013,20101013
WR08,20101014,20101020
WR11,20101021,20101021
WR05,20101022,20101027
WR01,20101028,20101118
WR05,20101119,20101207
WR03,20101208,20101208
WR02,20101209,20101228
WR05,20101229,20110106
WR08,20110107,20110107
WR10,20110110,20110110
WR05,20110111,20110112
WR03,20110113,20110113
WR08,20110114,20110114
WR05,20110117,20110201
WR10,20110209,20110209
WR09,20110210,20110211
WR08,20110214,20110214
WR05,20110215,20110225
WR10,20110228,20110228
WR08,20110301,20110301
WR05,20110302,20110322
WR10,20110323,20110325
WR01,20110328,20110328
WR05,20110329,20110329
WR10,20110330,20110407
WR05,20110408,20110408
WR03,20110411,20110413
WR09,20110414,20110418
WR05,20110419,20110425
WR10,20110426,20110509
WR01,20110510,20110516
WR02,20110517,20110517
WR09,20110518,20110523
WR10,20110524,20110525
WR11,20110526,20110526
WR09,20110527,20110530
WR01,20110531,20110601
WR08,20110602,20110602
WR10,20110603,20110628
WR07,20110629,20110629
WR01,20110630,20110630
WR09,20110701,20110701
WR10,20110704,20110704
WR01,20110705,20110712
WR08,20110713,20110713
WR09,20110714,20110714
WR11,20110715,20110715
WR08,20110718,20110728
WR12,20110729,20110802
WR01,20110803,20110803
WR03,20110804,20110804
WR05,20110805,20110809
WR01,20110810,20110810
WR09,20110811,20110811
WR06,20110812,20110812
WR01,20110815,20110815
WR12,20110816,20110816
WR09,20110817,20110822
WR03,20110823,20110823
WR12,20110824,20110824
WR01,20110825,20110901
WR07,20110902,20110905
WR12,20110906,20110908
WR02,20110909,20110914
WR03,20110915,20110915
WR06,20110916,20110916
WR02,20110919,20110919
WR07,20110920,20110920
WR01,20110921,20110926
WR06,20110927,20110927
WR07,20110928,20110928
WR01,20110929,20110929
WR10,20110930,20111010
WR06,20111011,20111020
WR01,20111021,20111025
WR05,20111026,20111026
WR03,20111027,20111027
WR01,20111028,20111129
WR05,20111130,20120130
WR10,20120131,20120201
WR01,20120202,20120202
WR09,20120203,20120209
WR05,20120210,20120224
WR06,20120227,20120305
WR10,20120306,20120306
WR05,20120307,20120319
WR06,20120320,20120326
WR09,20120327,20120329
WR10,20120330,20120330
WR06,20120405,20120411
WR01,20120412,20120412
WR09,20120413,20120413
WR06,20120416,20120424
WR12,20120425,20120426
WR09,20120427,20120514
WR06,20120515,20120531
WR10,20120601,20120620
WR01,20120621,20120625
WR09,20120626,20120626
WR10,20120627,20120627
WR05,20120628,20120711
WR10,20120712,20120712
WR01,20120713,20121107
WR06,20121108,20121108
WR05,20121109,20121113
WR08,20121114,20121116
WR01,20121119,20121120
WR05,20121121,20121123
WR02,20121126,20121126
WR08,20121127,20121127
WR09,20121128,20121129
WR01,20121130,20121205
WR08,20121206,20121211
WR05,20121212,20121217
WR03,20121218,20121219
WR12,20121220,20121220
WR02,20121221,20121225
WR05,20121226,20130221
WR10,20130222,20130304
WR05,20130305,20130306
WR01,20130307,20130307
WR10,20130308,20130515
WR01,20130516,20130516
WR02,20130517,20130523
WR03,20130524,20130528
WR01,20130529,20130529
WR05,20130530,20130530
WR10,20130531,20130627
WR02,20130628,20130701
WR10,20130702,20130715
WR01,20130716,20130716
WR08,20130717,20130717
WR10,20130718,20130801
WR11,20130802,20130806
WR01,20130807,20130808
WR04,20130809,20130816
WR12,20130819,20130819
WR03,20130820,20130820
WR04,20130821,20130822
WR01,20130823,20130828
WR11,20130829,20130829
WR04,20130830,20130917
WR10,20130918,20130918
WR01,20130923,20130924
WR11,20130925,20130925
WR09,20130926,20130926
WR01,20130927,20131011
WR11,20131014,20131014
WR04,20131015,20131106
WR12,20131107,20131118
WR09,20131119,20131128
WR03,20131129,20131203
WR09,20131204,20131213
WR05,20131216,20131230
WR04,20131231,20140114
WR05,20140115,20140218
WR06,20140219,20140224
WR08,20140225,20140225
WR09,20140226,20140307
WR04,20140310,20140318
WR10,20140319,20140403
WR02,20140404,20140404
WR09,20140408,20140408
WR07,20140409,20140409
WR10,20140410,20140508
WR09,20140509,20140514
WR07,20140515,20140521
WR10,20140522,20140604
WR09,20140605,20140616
WR06,20140617,20140620
WR03,20140623,20140626
WR10,20140627,20140630
WR12,20140701,20140707
WR04,20140708,20140709
WR01,20140710,20140828
WR12,20140829,20140902
WR01,20140903,20140926
WR10,20140929,20141008
WR12,20141009,20141013
WR06,20141014,20141017
WR02,20141020,20141029
WR01,20141030,20141112
WR06,20141113,20141124
WR11,20141125,20141125
WR01,20141126,20141218
WR05,20141219,20141219
WR11,20141222,20141225
WR12,20141226,20141226
WR01,20141229,20141231
WR04,20150105,20150108
WR02,20150109,20150126
WR05,20150127,20150204
WR04,20150205,20150302
WR09,20150303,20150313
WR11,20150316,20150325
WR04,20150326,20150401
WR10,20150402,20150408
WR05,20150409,20150416
WR07,20150417,20150429
WR10,20150430,20150512
WR12,20150513,20150514
WR07,20150515,20150519
WR10,20150520,20150601
WR12,20150602,20150629
WR10,20150630,20150724
WR09,20150727,20150728
WR08,20150729,20150806
WR11,20150807,20150820
WR01,20150821,20150824
WR10,20150825,20150925
WR04,20150928,20150929
WR11,20150930,20151009
WR12,20151012,20151015
WR04,20151016,20151020
WR10,20151021,20151027
WR11,20151028,20151127
WR12,20151130,20160125
WR01,20160126,20160316
WR06,20160317,20160323
WR09,20160324,20160422
WR01,20160425,20160429
AG12,20120510,20120510
AG09,20120511,20120723
AG12,20120724,20121101
AG01,20121102,20121214
AG06,20121217,20130506
AG12,20130507,20131126
AG06,20131127,20140509
AG12,20140512,20141105
AG06,20141106,20150506
AG12,20150507,20151116
AG06,20151117,20160429
AL06,20040102,20040116
AL07,20040129,20040206
AL08,20040209,20040311
AL09,20040312,20040330
AL10,20040331,20040709
AL11,20040712,20040914
AL12,20040915,20041029
AL01,20041101,20041129
AL02,20041130,20041224
AL03,20041227,20050203
AL04,20050204,20050303
AL05,20050304,20050317
AL06,20050318,20050509
AL07,20050510,20050602
AL08,20050603,20050706
AL09,20050707,20050728
AL10,20050729,20050913
AL11,20050914,20051010
AL12,20051011,20051011
AL01,20051012,20051125
AL02,20051128,20051128
AL03,20051129,20060110
AL04,20060111,20060126
AL05,20060127,20060317
AL06,20060320,20060411
AL07,20060412,20060510
AL08,20060511,20060614
AL09,20060615,20060713
AL10,20060714,20060818
AL11,20060821,20060921
AL12,20060922,20061019
AL01,20061020,20061201
AL02,20061204,20061222
AL03,20061225,20070123
AL04,20070124,20070214
AL05,20070215,20070319
AL06,20070320,20070409
AL07,20070410,20070528
AL08,20070529,20070629
AL09,20070702,20070724
AL10,20070725,20070817
AL11,20070820,20070913
AL12,20070914,20071025
AL01,20071026,20071129
AL02,20071130,20071224
AL03,20071225,20080125
AL04,20080128,20080221
AL05,20080222,20080317
AL06,20080318,20080430
AL07,20080505,20080523
AL08,20080526,20080619
AL09,20080620,20080801
AL10,20080804,20080819
AL11,20080820,20080917
AL12,20080918,20081015
AL01,20081016,20081120
AL02,20081121,20081212
AL03,20081215,20090115
AL04,20090116,20090210
AL05,20090211,20090309
AL06,20090310,20090403
AL07,20090407,20090504
AL08,20090505,20090602
AL09,20090603,20090703
AL10,20090706,20090724
AL11,20090727,20090824
AL12,20090825,20091020
AL01,20091021,20091116
AL02,20091117,20091207
AL03,20091208,20091229
AL04,20091230,20100122
AL05,20100125,20100302
AL06,20100303,20100407
AL07,20100408,20100517
AL08,20100518,20100604
AL09,20100607,20100716
AL10,20100719,20100803
AL11,20100804,20100830
AL12,20100831,20101011
AL01,20101012,20101103
AL02,20101104,20101202
AL03,20101203,20110111
AL04,20110112,20110218
AL05,20110221,20110328
AL06,20110329,20110427
AL07,20110428,20110607
AL08,20110608,20110630
AL09,20110701,20110719
AL10,20110720,20110815
AL11,20110816,20110922
AL12,20110923,20111026
AL01,20111027,20111121
AL02,20111122,20111209
AL03,20111212,20120110
AL04,20120111,20120209
AL05,20120210,20120323
AL06,20120326,20120411
AL07,20120412,20120503
AL08,20120504,20120524
AL09,20120525,20120625
AL10,20120626,20120726
AL11,20120727,20120904
AL12,20120905,20121105
AL01,20121106,20121210
AL03,20121211,20130129
AL04,20130130,20130204
AL05,20130205,20130306
AL06,20130307,20130502
AL08,20130503,20130603
AL09,20130604,20130618
AL10,20130619,20130816
AL11,20130819,20130821
AL12,20130822,20131023
AL01,20131024,20131121
AL02,20131122,20131212
AL03,20131213,20131231
AL04,20140102,20140220
AL05,20140221,20140306
AL06,20140307,20140422
AL07,20140423,20140523
AL08,20140526,20140625
AL09,20140626,20140722
AL10,20140723,20140826
AL11,20140827,20140917
AL12,20140918,20141022
AL01,20141023,20141127
AL02,20141128,20141217
AL03,20141218,20150126
AL04,20150127,20150226
AL05,20150227,20150320
AL06,20150323,20150422
AL07,20150423,20150526
AL08,20150527,20150624
AL09,20150625,20150720
AL10,20150721,20150827
AL11,20150828,20150918
AL12,20150921,20151021
AL01,20151022,20151120
AL02,20151123,20151216
AL03,20151217,20160127
AL04,20160128,20160226
AL05,20160229,20160330
AL06,20160331,20160427
AL07,20160428,20160429
CU08,20040102,20040216
CU09,20040217,20040407
CU10,20040408,20040712
CU11,20040713,20040820
CU12,20040823,20041019
CU01,20041020,20041202
CU02,20041203,20041231
CU03,20050104,20050127
CU04,20050128,20050228
CU05,20050301,20050324
CU06,20050325,20050420
CU07,20050421,20050531
CU08,20050601,20050701
CU09,20050704,20050801
CU10,20050802,20050830
CU11,20050831,20050922
CU12,20050923,20051025
CU01,20051026,20051130
CU02,20051201,20051223
CU03,20051226,20060123
CU04,20060124,20060223
CU05,20060224,20060322
CU06,20060323,20060418
CU07,20060419,20060515
CU08,20060516,20060615
CU09,20060616,20060720
CU10,20060721,20060906
CU11,20060907,20061017
CU12,20061018,20061102
CU01,20061103,20061206
CU02,20061207,20070105
CU03,20070108,20070130
CU04,20070131,20070228
CU05,20070301,20070320
CU06,20070321,20070411
CU07,20070412,20070517
CU08,20070518,20070618
CU09,20070619,20070723
CU10,20070724,20070822
CU11,20070823,20070920
CU12,20070921,20071022
CU01,20071023,20071121
CU02,20071122,20071221
CU03,20071224,20080116
CU04,20080117,20080218
CU05,20080219,20080317
CU06,20080318,20080417
CU07,20080418,20080521
CU08,20080522,20080623
CU09,20080624,20080724
CU10,20080725,20080815
CU11,20080818,20080912
CU12,20080916,20081017
CU01,20081020,20081119
CU02,20081120,20081217
CU03,20081218,20090114
CU04,20090115,20090209
CU05,20090210,20090306
CU06,20090309,20090331
CU07,20090401,20090422
CU08,20090423,20090526
CU09,20090527,20090622
CU10,20090623,20090720
CU11,20090721,20090819
CU12,20090820,20090929
CU01,20090930,20091109
CU02,20091110,20091126
CU03,20091127,20091225
CU04,20091228,20100119
CU05,20100120,20100223
CU06,20100224,20100326
CU07,20100329,20100428
CU08,20100429,20100527
CU09,20100528,20100629
CU10,20100630,20100728
CU11,20100729,20100824
CU12,20100825,20100930
CU01,20101008,20101026
CU02,20101027,20101119
CU03,20101122,20101230
CU04,20101231,20110201
CU05,20110209,20110315
CU06,20110316,20110421
CU07,20110422,20110524
CU08,20110525,20110627
CU09,20110628,20110721
CU10,20110722,20110816
CU11,20110817,20110916
CU12,20110919,20111019
CU01,20111020,20111117
CU02,20111118,20111215
CU03,20111216,20120116
CU04,20120117,20120209
CU05,20120210,20120305
CU06,20120306,20120330
CU07,20120405,20120426
CU08,20120427,20120517
CU09,20120518,20120619
CU10,20120620,20120719
CU11,20120720,20120814
CU12,20120815,20120917
CU01,20120918,20121025
CU02,20121026,20121123
CU03,20121126,20121225
CU04,20121226,20130124
CU05,20130125,20130225
CU06,20130226,20130318
CU07,20130319,20130403
CU08,20130408,20130502
CU09,20130503,20130605
CU10,20130606,20130708
CU11,20130709,20130816
CU12,20130819,20131009
CU01,20131010,20131118
CU02,20131119,20131219
CU03,20131220,20140113
CU04,20140114,20140219
CU05,20140220,20140311
CU06,20140312,20140401
CU07,20140402,20140512
CU08,20140513,20140625
CU09,20140626,20140730
CU10,20140731,20140829
CU11,20140901,20140923
CU12,20140924,20141017
CU01,20141020,20141125
CU02,20141126,20141217
CU03,20141218,20150122
CU04,20150123,20150217
CU05,20150225,20150323
CU06,20150324,20150424
CU07,20150427,20150526
CU08,20150527,20150626
CU09,20150629,20150724
CU10,20150727,20150826
CU11,20150827,20150925
CU12,20150928,20151029
CU01,20151030,20151125
CU02,20151126,20151228
CU03,20151229,20160129
CU04,20160201,20160226
CU05,20160229,20160328
CU06,20160329,20160425
CU07,20160426,20160429
PB09,20110324,20110808
PB10,20110809,20110921
PB11,20110922,20111017
PB12,20111018,20111116
PB01,20111117,20111216
PB02,20111219,20120109
PB03,20120110,20120215
PB04,20120216,20120312
PB05,20120313,20120326
PB06,20120327,20120426
PB07,20120427,20120518
PB08,20120521,20120628
PB09,20120629,20120703
PB10,20120704,20120917
PB11,20120918,20121012
PB12,20121015,20121109
PB01,20121112,20121210
PB02,20121211,20130114
PB03,20130115,20130131
PB04,20130201,20130304
PB05,20130305,20130403
PB06,20130408,20130527
PB07,20130528,20130620
PB09,20130621,20130916
PB12,20130917,20131113
PB01,20131114,20131225
PB02,20131226,20140122
PB03,20140123,20140217
PB04,20140218,20140319
PB05,20140320,20140515
PB06,20140516,20140520
PB07,20140521,20140604
PB08,20140605,20140724
PB10,20140725,20140916
PB11,20140917,20141017
PB12,20141020,20141029
PB01,20141030,20141211
PB02,20141212,20141231
PB03,20150105,20150130
PB04,20150202,20150304
PB05,20150305,20150330
PB06,20150331,20150506
PB07,20150507,20150601
PB08,20150602,20150708
PB09,20150709,20150720
PB10,20150721,20150902
PB11,20150907,20151008
PB12,20151009,20151109
PB01,20151110,20151202
PB02,20151203,20160111
PB03,20160112,20160216
PB04,20160217,20160307
PB05,20160308,20160413
PB06,20160414,20160429
ZN07,20070326,20070605
ZN08,20070606,20070628
ZN09,20070629,20070731
ZN10,20070801,20070828
ZN11,20070829,20070925
ZN12,20070926,20071024
ZN01,20071025,20071126
ZN02,20071127,20071221
ZN03,20071224,20080118
ZN04,20080121,20080220
ZN05,20080221,20080319
ZN06,20080320,20080421
ZN07,20080422,20080527
ZN08,20080528,20080623
ZN09,20080624,20080718
ZN10,20080721,20080814
ZN11,20080815,20080917
ZN12,20080918,20081017
ZN01,20081020,20081121
ZN02,20081124,20081215
ZN03,20081216,20090115
ZN04,20090116,20090209
ZN05,20090210,20090305
ZN06,20090306,20090330
ZN07,20090331,20090427
ZN08,20090428,20090601
ZN09,20090602,20090630
ZN10,20090701,20090723
ZN11,20090724,20090824
ZN12,20090825,20091009
ZN01,20091012,20091112
ZN02,20091113,20091126
ZN03,20091127,20091225
ZN04,20091228,20100119
ZN05,20100120,20100224
ZN06,20100225,20100329
ZN07,20100330,20100504
ZN08,20100505,20100526
ZN09,20100527,20100628
ZN10,20100629,20100726
ZN11,20100727,20100813
ZN12,20100816,20100909
ZN01,20100910,20101021
ZN02,20101022,20101116
ZN03,20101117,20101230
ZN04,20101231,20110210
ZN05,20110211,20110316
ZN06,20110317,20110425
ZN07,20110426,20110525
ZN08,20110526,20110623
ZN09,20110624,20110718
ZN10,20110719,20110815
ZN11,20110816,20110920
ZN12,20110921,20111018
ZN01,20111019,20111117
ZN02,20111118,20111214
ZN03,20111215,20120113
ZN04,20120116,20120214
ZN05,20120215,20120307
ZN06,20120308,20120405
ZN07,20120406,20120507
ZN08,20120508,20120525
ZN09,20120528,20120621
ZN10,20120625,20120720
ZN11,20120723,20120816
ZN12,20120817,20120919
ZN01,20120920,20121102
ZN02,20121105,20121206
ZN03,20121207,20130107
ZN04,20130108,20130129
ZN05,20130130,20130305
ZN06,20130306,20130402
ZN07,20130403,20130502
ZN08,20130503,20130521
ZN09,20130522,20130620
ZN10,20130621,20130729
ZN11,20130730,20130819
ZN12,20130820,20131009
ZN01,20131010,20131114
ZN02,20131115,20131217
ZN03,20131218,20140115
ZN04,20140116,20140219
ZN05,20140220,20140318
ZN06,20140319,20140416
ZN07,20140417,20140527
ZN08,20140528,20140620
ZN09,20140623,20140722
ZN10,20140723,20140826
ZN11,20140827,20140923
ZN12,20140924,20141028
ZN01,20141029,20141128
ZN02,20141201,20141224
ZN03,20141225,20150126
ZN04,20150127,20150225
ZN05,20150226,20150323
ZN06,20150324,20150422
ZN07,20150423,20150525
ZN08,20150526,20150625
ZN09,20150626,20150728
ZN10,20150729,20150828
ZN11,20150831,20150925
ZN12,20150928,20151029
ZN01,20151030,20151125
ZN02,20151126,20151229
ZN03,20151230,20160201
ZN04,20160202,20160301
ZN05,20160302,20160328
ZN06,20160329,20160429
NI07,20150327,20150527
NI09,20150528,20150813
NI01,20150814,20151214
NI05,20151215,20160407
NI09,20160408,20160429
SN07,20150327,20150715
SN09,20150716,20150911
SN01,20150914,20151221
SN05,20151222,20160429
CF11,20040528,20040831
CF01,20040901,20041122
CF03,20041123,20050104
CF05,20050105,20050317
CF07,20050318,20050518
CF09,20050519,20050729
CF11,20050801,20050913
CF01,20050914,20051018
CF03,20051019,20060104
CF05,20060105,20060419
CF07,20060420,20060621
CF09,20060622,20060801
CF11,20060802,20060921
CF01,20060922,20061107
CF05,20061108,20070321
CF07,20070322,20070605
CF09,20070606,20070706
CF01,20070709,20070918
CF05,20070919,20080218
CF07,20080219,20080703
CF01,20080704,20081114
CF05,20081117,20090324
CF07,20090325,20090526
CF09,20090527,20090714
CF01,20090715,20091030
CF05,20091102,20100111
CF09,20100112,20100428
CF01,20100429,20100903
CF05,20100906,20101125
CF09,20101126,20110613
CF01,20110614,20110812
CF05,20110815,20120207
CF09,20120208,20120601
CF01,20120604,20121105
CF05,20121106,20130129
CF09,20130130,20130613
CF01,20130614,20131011
CF05,20131014,20140317
CF01,20140318,20141111
CF05,20141112,20150319
CF09,20150320,20150701
CF01,20150702,20151021
CF05,20151022,20160202
CF09,20160203,20160429
ER09,20090420,20090807
ER01,20090810,20091110
ER05,20091111,20100226
ER09,20100301,20100705
ER01,20100706,20100920
ER05,20100921,20110114
ER09,20110117,20110708
ER01,20110711,20111019
ER05,20111020,20120222
ER09,20120223,20120614
ER01,20120615,20121116
ER05,20121119,20160429
FG05,20121203,20130129
FG09,20130130,20130620
FG01,20130621,20131029
FG05,20131030,20140317
FG09,20140318,20140709
FG01,20140710,20141113
FG06,20141114,20150407
FG09,20150408,20150807
FG01,20150810,20151201
FG05,20151202,20160406
FG09,20160407,20160429
JR05,20131118,20140519
JR09,20140520,20140828
JR01,20140829,20150106
JR05,20150107,20150203
JR03,20150204,20150305
JR05,20150306,20150316
JR09,20150317,20150424
JR07,20150427,20150522
JR01,20150525,20150603
JR03,20150604,20150727
JR11,20150728,20150929
JR01,20150930,20160222
JR07,20160223,20160429
LR01,20140708,20150109
LR05,20150112,20150630
LR01,20150701,20150708
LR11,20150709,20150810
LR05,20150811,20150818
LR01,20150819,20150909
LR11,20150910,20151113
LR05,20151116,20151231
LR09,20160104,20160311
LR01,20160314,20160314
LR07,20160315,20160429
MA06,20140801,20150416
MA09,20150417,20150724
MA01,20150727,20151127
MA05,20151130,20160407
MA09,20160408,20160429
ME03,20111028,20111229
ME05,20111230,20120410
ME09,20120411,20120807
ME01,20120808,20121207
ME05,20121210,20130329
ME09,20130401,20130816
ME01,20130819,20131209
ME05,20131210,20140402
ME09,20140403,20140728
ME01,20140729,20141222
ME05,20141223,20160429
OI05,20130104,20130325
OI09,20130326,20130606
OI01,20130607,20131021
OI05,20131022,20140129
OI09,20140130,20140605
OI01,20140606,20141113
OI05,20141114,20150309
OI09,20150310,20150611
OI01,20150612,20151109
OI05,20151110,20160307
OI09,20160308,20160429
PM01,20120502,20121211
PM07,20121212,20121214
PM09,20121217,20121224
PM01,20121225,20121226
PM05,20121227,20121228
PM09,20121231,20130128
PM07,20130129,20130129
PM05,20130130,20130130
PM09,20130131,20130219
PM01,20130220,20130221
PM05,20130222,20130222
PM09,20130225,20130308
PM07,20130311,20130311
PM01,20130312,20130321
PM03,20130322,20130327
PM05,20130328,20130329
PM01,20130401,20130410
PM09,20130411,20130411
PM07,20130412,20130418
PM05,20130419,20130422
PM09,20130423,20130423
PM07,20130424,20130529
PM01,20130530,20130530
PM09,20130531,20130620
PM07,20130621,20130625
PM01,20130626,20130709
PM09,20130710,20130710
PM07,20130711,20130711
PM01,20130712,20130717
PM09,20130718,20130722
PM03,20130723,20130723
PM11,20130724,20130725
PM09,20130726,20130819
PM01,20130820,20130822
PM05,20130823,20130827
PM09,20130828,20130830
PM01,20130902,20130903
PM03,20130904,20130904
PM09,20130905,20130911
PM01,20130912,20130923
PM05,20130924,20130924
PM09,20130925,20130926
PM01,20130927,20131009
PM09,20131010,20131010
PM11,20131011,20131011
PM01,20131014,20131227
PM05,20131230,20140127
PM09,20140128,20140422
PM05,20140423,20140507
PM09,20140508,20140812
PM01,20140813,20140828
PM07,20140829,20140905
PM01,20140909,20141205
PM09,20141208,20141208
PM05,20141209,20141212
PM01,20141215,20150107
PM11,20150108,20150109
PM09,20150112,20150116
PM05,20150119,20150120
PM03,20150121,20150121
PM01,20150122,20150122
PM09,20150123,20150130
PM05,20150202,20150210
PM11,20150211,20150317
PM05,20150318,20150407
PM09,20150408,20150415
PM01,20150416,20150417
PM05,20150420,20150505
PM09,20150506,20150518
PM11,20150519,20150527
PM05,20150528,20150529
PM01,20150601,20150604
PM11,20150605,20150609
PM05,20150610,20150707
PM01,20150708,20150714
PM11,20150715,20150715
PM05,20150716,20150721
PM09,20150722,20150723
PM01,20150724,20150814
PM05,20150817,20150820
PM03,20150821,20150825
PM01,20150826,20160420
PM05,20160421,20160426
PM11,20160427,20160429
RI05,20130104,20130412
RI09,20130415,20130722
RI01,20130723,20131101
RI05,20131104,20140421
RI09,20140422,20140826
RI01,20140827,20141231
RI05,20150105,20150330
RI01,20150331,20160118
RI09,20160119,20160128
RI05,20160129,20160225
RI09,20160226,20160322
RI05,20160323,20160429
RM05,20121228,20130208
RM09,20130218,20130524
RM01,20130527,20131111
RM05,20131112,20140128
RM09,20140129,20140723
RM01,20140724,20141111
RM05,20141112,20150302
RM09,20150303,20150723
RM01,20150724,20151130
RM05,20151201,20160311
RM09,20160314,20160429
RO09,20070608,20070815
RO01,20070816,20080110
RO05,20080111,20080221
RO09,20080222,20080723
RO01,20080724,20081201
RO05,20081202,20090306
RO09,20090309,20090624
RO01,20090625,20091022
RO05,20091023,20091217
RO09,20091218,20100521
RO01,20100524,20100928
RO05,20100929,20110119
RO09,20110120,20110520
RO01,20110523,20111011
RO05,20111012,20120213
RO09,20120214,20120608
RO01,20120611,20121115
RO05,20121116,20160429
RS09,20121228,20130830
RS11,20130902,20131029
RS09,20131030,20140829
RS07,20140901,20141030
RS08,20141031,20141103
RS07,20141104,20150128
RS09,20150129,20150907
RS07,20150908,20160429
SF01,20140808,20141225
SF05,20141226,20150430
SF09,20150504,20150810
SF01,20150811,20151225
SF05,20151228,20160429
SM01,20140808,20150112
SM05,20150113,20150430
SM01,20150504,20150519
SM04,20150520,20150521
SM07,20150522,20150528
SM01,20150529,20150605
SM09,20150608,20150713
SM01,20150714,20150727
SM07,20150728,20150812
SM09,20150813,20150813
SM01,20150814,20151229
SM05,20151230,20160429
SR11,20060106,20060106
SR05,20060109,20060220
SR09,20060221,20060331
SR01,20060403,20060510
SR03,20060511,20061023
SR05,20061024,20070320
SR07,20070321,20070423
SR09,20070424,20070530
SR01,20070531,20070817
SR05,20070820,20071205
SR07,20071206,20080220
SR09,20080221,20080415
SR01,20080416,20080912
SR05,20080916,20090122
SR09,20090123,20090430
SRY09,20090504,20090511
SRX01,20090512,20090731
SRX05,20090803,20091118
SRX09,20091119,20100318
SRY01,20100319,20100817
SRY05,20100818,20101029
SRY09,20101101,20110613
SRX01,20110614,20110914
SRX05,20110915,20111226
SRX09,20111227,20120522
SRY01,20120523,20121026
SRY05,20121029,20130122
SRY09,20130123,20130626
SRX01,20130627,20131107
SRX05,20131108,20140221
SRX09,20140224,20140617
SRY01,20140618,20141107
SRY05,20141110,20150213
SRY09,20150216,20150619
SRX01,20150623,20151116
SRX05,20151117,20160229
SRX09,20160301,20160429
TA05,20061218,20070405
TA06,20070406,20070514
TA07,20070515,20070713
TA09,20070716,20070903
TA12,20070904,20071101
TA01,20071102,20071211
TA03,20071212,20080218
TA05,20080219,20080515
TA07,20080516,20080602
TA09,20080603,20080912
TA11,20080916,20081015
TA01,20081016,20081205
TA05,20081208,20090407
TA09,20090408,20090811
TA10,20090812,20090904
TA11,20090907,20090930
TA12,20091009,20091026
TA01,20091027,20091202
TA02,20091203,20091229
TA03,20091230,20100120
TA05,20100121,20100326
TA09,20100329,20100728
TA01,20100729,20101101
TA05,20101102,20110323
TA09,20110324,20110704
TA01,20110705,20111121
TA05,20111122,20120314
TA09,20120315,20120710
TA01,20120711,20121105
TA05,20121106,20130221
TA09,20130222,20130709
TA01,20130710,20131129
TA05,20131202,20140310
TA09,20140311,20140805
TA01,20140806,20141124
TA05,20141125,20150330
TA09,20150331,20150805
TA01,20150806,20151123
TA05,20151124,20160329
TA09,20160330,20160429
TC05,20130926,20130927
TC01,20130930,20131107
TC05,20131108,20140324
TC09,20140325,20140731
TC01,20140801,20141225
TC05,20141226,20150402
TC09,20150403,20150721
TC01,20150722,20160113
TC03,20160114,20160128
TC04,20160129,20160429
WH05,20140224,20140714
WH09,20140715,20140806
WH01,20140807,20150115
WH05,20150116,20150515
WH01,20150518,20151019
WH05,20151020,20160415
WH09,20160418,20160429
WSY09,20090317,20090622
WSX01,20090623,20090813
WSX05,20090814,20091228
WSX09,20091229,20100705
WSY01,20100706,20100827
WSY05,20100830,20101207
WSY09,20101208,20110523
WSX01,20110524,20111014
WSX05,20111017,20120131
WSX09,20120201,20120605
WSY01,20120606,20121019
WSY05,20121022,20160429
WT05,20040102,20040129
WT09,20040130,20040517
WT11,20040518,20041012
WT01,20041013,20041116
WT05,20041117,20050202
WT09,20050203,20050802
WT11,20050803,20051011
WT01,20051012,20051124
WT05,20051125,20060324
WT11,20060327,20060327
WT01,20060328,20060328
WT05,20060329,20060427
WT09,20060428,20060803
WT01,20060804,20060804
WT03,20060807,20060810
WT07,20060811,20060811
WT01,20060814,20060814
WT11,20060815,20060816
WT07,20060817,20060817
WT01,20060818,20060828
WT11,20060829,20060904
WT01,20060905,20060907
WT05,20060908,20060908
WT07,20060911,20060912
WT01,20060913,20061020
WT05,20061023,20070104
WT09,20070105,20070123
WT11,20070124,20070814
WT05,20070815,20080215
WT11,20080218,20080326
WT01,20080327,20080327
WT03,20080328,20081128
WT01,20081201,20090107
WT11,20090108,20090116
WT05,20090119,20090213
WT01,20090216,20090216
WT11,20090217,20090313
WT05,20090316,20090330
WT01,20090331,20090518
WT09,20090519,20090519
WT11,20090520,20090525
WT01,20090526,20091215
WT05,20091216,20100420
WT09,20100421,20100706
WT11,20100707,20100813
WT01,20100816,20101020
WT03,20101021,20101105
WT05,20101108,20110318
WT09,20110321,20110715
WT01,20110718,20120228
WT05,20120229,20120606
WT09,20120607,20160429
